id;nr;name;first_name;category;club;birthday;sex;email;symbol;paid;description;user field_1;user field_2;user field_3;user field_4
1;9001;Tag 1;;26;;;;;;;;;;;
2;9002;Tag 2;;26;;;;;;;;;;;
3;9003;Tag 3;;26;;;;;;;;;;;
4;9004;Tag 4;;26;;;;;;;;;;;
5;9005;Tag 5;;26;;;;;;;;;;;
6;9006;Tag 6;;26;;;;;;;;;;;
7;9007;Tag 7;;26;;;;;;;;;;;
8;9008;Tag 8;;26;;;;;;;;;;;
9;9009;Tag 9;;26;;;;;;;;;;;
10;9010;Tag 10;;26;;;;;;;;;;;
11;9011;Tag 11;;26;;;;;;;;;;;
12;9012;Tag 12;;26;;;;;;;;;;;
13;9013;Tag 13;;26;;;;;;;;;;;
14;9014;Tag 14;;26;;;;;;;;;;;
15;9015;Tag 15;;26;;;;;;;;;;;
16;9016;Tag 16;;26;;;;;;;;;;;
17;9017;Tag 17;;26;;;;;;;;;;;
18;9018;Tag 18;;26;;;;;;;;;;;
19;9019;Tag 19;;26;;;;;;;;;;;
20;9020;Tag 20;;26;;;;;;;;;;;
21;9021;Tag 21;;26;;;;;;;;;;;
22;9022;Tag 22;;26;;;;;;;;;;;
23;9023;Tag 23;;26;;;;;;;;;;;
24;9024;Tag 24;;26;;;;;;;;;;;
25;9025;Tag 25;;26;;;;;;;;;;;
26;9026;Tag 26;;26;;;;;;;;;;;
27;9027;Tag 27;;26;;;;;;;;;;;
28;9028;Tag 28;;26;;;;;;;;;;;
29;9029;Tag 29;;26;;;;;;;;;;;
30;9030;Tag 30;;26;;;;;;;;;;;
31;9031;Tag 31;;26;;;;;;;;;;;
32;9032;Tag 32;;26;;;;;;;;;;;
33;9033;Tag 33;;26;;;;;;;;;;;
34;9034;Tag 34;;26;;;;;;;;;;;
35;9035;Tag 35;;26;;;;;;;;;;;
36;9036;Tag 36;;26;;;;;;;;;;;
37;9037;Tag 37;;26;;;;;;;;;;;
38;9038;Tag 38;;26;;;;;;;;;;;
39;9039;Tag 39;;26;;;;;;;;;;;
40;9040;Tag 40;;26;;;;;;;;;;;
41;9041;Tag 41;;26;;;;;;;;;;;
42;9042;Tag 42;;26;;;;;;;;;;;
43;9043;Tag 43;;26;;;;;;;;;;;
44;9044;Tag 44;;26;;;;;;;;;;;
45;9045;Tag 45;;26;;;;;;;;;;;
46;9046;Tag 46;;26;;;;;;;;;;;
47;9047;Tag 47;;26;;;;;;;;;;;
48;9048;Tag 48;;26;;;;;;;;;;;
49;9049;Tag 49;;26;;;;;;;;;;;
50;9050;Tag 50;;26;;;;;;;;;;;
51;9051;Tag 51;;26;;;;;;;;;;;
52;9052;Tag 52;;26;;;;;;;;;;;
53;9053;Tag 53;;26;;;;;;;;;;;
54;9054;Tag 54;;26;;;;;;;;;;;
55;9055;Tag 55;;26;;;;;;;;;;;
56;9056;Tag 56;;26;;;;;;;;;;;
57;9057;Tag 57;;26;;;;;;;;;;;
58;9058;Tag 58;;26;;;;;;;;;;;
59;9059;Tag 59;;26;;;;;;;;;;;
60;9060;Tag 60;;26;;;;;;;;;;;
61;9061;Tag 61;;26;;;;;;;;;;;
62;9062;Tag 62;;26;;;;;;;;;;;
63;9063;Tag 63;;26;;;;;;;;;;;
64;9064;Tag 64;;26;;;;;;;;;;;
65;9065;Tag 65;;26;;;;;;;;;;;
66;9066;Tag 66;;26;;;;;;;;;;;
67;9067;Tag 67;;26;;;;;;;;;;;
68;9068;Tag 68;;26;;;;;;;;;;;
69;9069;Tag 69;;26;;;;;;;;;;;
70;9070;Tag 70;;26;;;;;;;;;;;
71;9071;Tag 71;;26;;;;;;;;;;;
72;9072;Tag 72;;26;;;;;;;;;;;
73;9073;Tag 73;;26;;;;;;;;;;;
74;9074;Tag 74;;26;;;;;;;;;;;
75;9075;Tag 75;;26;;;;;;;;;;;
76;9076;Tag 76;;26;;;;;;;;;;;
77;9077;Tag 77;;26;;;;;;;;;;;
78;9078;Tag 78;;26;;;;;;;;;;;
79;9079;Tag 79;;26;;;;;;;;;;;
80;9080;Tag 80;;26;;;;;;;;;;;
81;9081;Tag 81;;26;;;;;;;;;;;
82;9082;Tag 82;;26;;;;;;;;;;;
83;9083;Tag 83;;26;;;;;;;;;;;
84;9084;Tag 84;;26;;;;;;;;;;;
85;9085;Tag 85;;26;;;;;;;;;;;
86;9086;Tag 86;;26;;;;;;;;;;;
87;9087;Tag 87;;26;;;;;;;;;;;
88;9088;Tag 88;;26;;;;;;;;;;;
89;9089;Tag 89;;26;;;;;;;;;;;
90;9090;Tag 90;;26;;;;;;;;;;;
91;9091;Tag 91;;26;;;;;;;;;;;
92;9092;Tag 92;;26;;;;;;;;;;;
93;9093;Tag 93;;26;;;;;;;;;;;
94;9094;Tag 94;;26;;;;;;;;;;;
95;9095;Tag 95;;26;;;;;;;;;;;
96;9096;Tag 96;;26;;;;;;;;;;;
97;9097;Tag 97;;26;;;;;;;;;;;
98;9098;Tag 98;;26;;;;;;;;;;;
99;9099;Tag 99;;26;;;;;;;;;;;
100;9100;Tag 100;;26;;;;;;;;;;;
101;9101;Tag 101;;26;;;;;;;;;;;
102;9102;Tag 102;;26;;;;;;;;;;;
103;9103;Tag 103;;26;;;;;;;;;;;
104;9104;Tag 104;;26;;;;;;;;;;;
105;9105;Tag 105;;26;;;;;;;;;;;
106;9106;Tag 106;;26;;;;;;;;;;;
107;9107;Tag 107;;26;;;;;;;;;;;
108;9108;Tag 108;;26;;;;;;;;;;;
109;9109;Tag 109;;26;;;;;;;;;;;
110;9110;Tag 110;;26;;;;;;;;;;;
111;9111;Tag 111;;26;;;;;;;;;;;
112;9112;Tag 112;;26;;;;;;;;;;;
113;9113;Tag 113;;26;;;;;;;;;;;
114;9114;Tag 114;;26;;;;;;;;;;;
115;9115;Tag 115;;26;;;;;;;;;;;
116;9116;Tag 116;;26;;;;;;;;;;;
117;9117;Tag 117;;26;;;;;;;;;;;
118;9118;Tag 118;;26;;;;;;;;;;;
119;9119;Tag 119;;26;;;;;;;;;;;
120;9120;Tag 120;;26;;;;;;;;;;;
121;9121;Tag 121;;26;;;;;;;;;;;
122;9122;Tag 122;;26;;;;;;;;;;;
123;9123;Tag 123;;26;;;;;;;;;;;
124;9124;Tag 124;;26;;;;;;;;;;;
125;9125;Tag 125;;26;;;;;;;;;;;
126;9126;Tag 126;;26;;;;;;;;;;;
127;9127;Tag 127;;26;;;;;;;;;;;
128;9128;Tag 128;;26;;;;;;;;;;;
129;9129;Tag 129;;26;;;;;;;;;;;
130;9130;Tag 130;;26;;;;;;;;;;;
131;9131;Tag 131;;26;;;;;;;;;;;
132;9132;Tag 132;;26;;;;;;;;;;;
133;9133;Tag 133;;26;;;;;;;;;;;
134;9134;Tag 134;;26;;;;;;;;;;;
135;9135;Tag 135;;26;;;;;;;;;;;
136;9136;Tag 136;;26;;;;;;;;;;;
137;9137;Tag 137;;26;;;;;;;;;;;
138;9138;Tag 138;;26;;;;;;;;;;;
139;9139;Tag 139;;26;;;;;;;;;;;
140;9140;Tag 140;;26;;;;;;;;;;;
141;9141;Tag 141;;26;;;;;;;;;;;
142;9142;Tag 142;;26;;;;;;;;;;;
143;9143;Tag 143;;26;;;;;;;;;;;
144;9144;Tag 144;;26;;;;;;;;;;;
145;9145;Tag 145;;26;;;;;;;;;;;
146;9146;Tag 146;;26;;;;;;;;;;;
147;9147;Tag 147;;26;;;;;;;;;;;
148;9148;Tag 148;;26;;;;;;;;;;;
149;9149;Tag 149;;26;;;;;;;;;;;
150;9150;Tag 150;;26;;;;;;;;;;;
151;9151;Tag 151;;26;;;;;;;;;;;
152;9152;Tag 152;;26;;;;;;;;;;;
153;9153;Tag 153;;26;;;;;;;;;;;
154;9154;Tag 154;;26;;;;;;;;;;;
155;9155;Tag 155;;26;;;;;;;;;;;
156;9156;Tag 156;;26;;;;;;;;;;;
157;9157;Tag 157;;26;;;;;;;;;;;
158;9158;Tag 158;;26;;;;;;;;;;;
159;9159;Tag 159;;26;;;;;;;;;;;
160;9160;Tag 160;;26;;;;;;;;;;;
161;9161;Tag 161;;26;;;;;;;;;;;
162;9162;Tag 162;;26;;;;;;;;;;;
163;9163;Tag 163;;26;;;;;;;;;;;
164;9164;Tag 164;;26;;;;;;;;;;;
165;9165;Tag 165;;26;;;;;;;;;;;
166;9166;Tag 166;;26;;;;;;;;;;;
167;9167;Tag 167;;26;;;;;;;;;;;
168;9168;Tag 168;;26;;;;;;;;;;;
169;9169;Tag 169;;26;;;;;;;;;;;
170;9170;Tag 170;;26;;;;;;;;;;;
171;9171;Tag 171;;26;;;;;;;;;;;
172;9172;Tag 172;;26;;;;;;;;;;;
173;9173;Tag 173;;26;;;;;;;;;;;
174;9174;Tag 174;;26;;;;;;;;;;;
175;9175;Tag 175;;26;;;;;;;;;;;
176;9176;Tag 176;;26;;;;;;;;;;;
177;9177;Tag 177;;26;;;;;;;;;;;
178;9178;Tag 178;;26;;;;;;;;;;;
179;9179;Tag 179;;26;;;;;;;;;;;
180;9180;Tag 180;;26;;;;;;;;;;;
181;9181;Tag 181;;26;;;;;;;;;;;
182;9182;Tag 182;;26;;;;;;;;;;;
183;9183;Tag 183;;26;;;;;;;;;;;
184;9184;Tag 184;;26;;;;;;;;;;;
185;9185;Tag 185;;26;;;;;;;;;;;
186;9186;Tag 186;;26;;;;;;;;;;;
187;9187;Tag 187;;26;;;;;;;;;;;
188;9188;Tag 188;;26;;;;;;;;;;;
189;9189;Tag 189;;26;;;;;;;;;;;
190;9190;Tag 190;;26;;;;;;;;;;;
191;9191;Tag 191;;26;;;;;;;;;;;
192;9192;Tag 192;;26;;;;;;;;;;;
193;9193;Tag 193;;26;;;;;;;;;;;
194;9194;Tag 194;;26;;;;;;;;;;;
195;9195;Tag 195;;26;;;;;;;;;;;
196;9196;Tag 196;;26;;;;;;;;;;;
197;9197;Tag 197;;26;;;;;;;;;;;
198;9198;Tag 198;;26;;;;;;;;;;;
199;9199;Tag 199;;26;;;;;;;;;;;
200;9200;Tag 200;;26;;;;;;;;;;;
201;9201;Tag 201;;26;;;;;;;;;;;
202;9202;Tag 202;;26;;;;;;;;;;;
203;9203;Tag 203;;26;;;;;;;;;;;
204;9204;Tag 204;;26;;;;;;;;;;;
205;9205;Tag 205;;26;;;;;;;;;;;
206;9206;Tag 206;;26;;;;;;;;;;;
207;9207;Tag 207;;26;;;;;;;;;;;
208;9208;Tag 208;;26;;;;;;;;;;;
209;9209;Tag 209;;26;;;;;;;;;;;
210;9210;Tag 210;;26;;;;;;;;;;;
211;9211;Tag 211;;26;;;;;;;;;;;
212;9212;Tag 212;;26;;;;;;;;;;;
213;9213;Tag 213;;26;;;;;;;;;;;
214;9214;Tag 214;;26;;;;;;;;;;;
215;9215;Tag 215;;26;;;;;;;;;;;
216;9216;Tag 216;;26;;;;;;;;;;;
217;9217;Tag 217;;26;;;;;;;;;;;
218;9218;Tag 218;;26;;;;;;;;;;;
219;9219;Tag 219;;26;;;;;;;;;;;
220;9220;Tag 220;;26;;;;;;;;;;;
221;9221;Tag 221;;26;;;;;;;;;;;
222;9222;Tag 222;;26;;;;;;;;;;;
223;9223;Tag 223;;26;;;;;;;;;;;
224;9224;Tag 224;;26;;;;;;;;;;;
225;9225;Tag 225;;26;;;;;;;;;;;
226;9226;Tag 226;;26;;;;;;;;;;;
227;9227;Tag 227;;26;;;;;;;;;;;
228;9228;Tag 228;;26;;;;;;;;;;;
229;9229;Tag 229;;26;;;;;;;;;;;
230;9230;Tag 230;;26;;;;;;;;;;;
231;9231;Tag 231;;26;;;;;;;;;;;
232;9232;Tag 232;;26;;;;;;;;;;;
233;9233;Tag 233;;26;;;;;;;;;;;
234;9234;Tag 234;;26;;;;;;;;;;;
235;9235;Tag 235;;26;;;;;;;;;;;
236;9236;Tag 236;;26;;;;;;;;;;;
237;9237;Tag 237;;26;;;;;;;;;;;
238;9238;Tag 238;;26;;;;;;;;;;;
239;9239;Tag 239;;26;;;;;;;;;;;
240;9240;Tag 240;;26;;;;;;;;;;;
241;9241;Tag 241;;26;;;;;;;;;;;
242;9242;Tag 242;;26;;;;;;;;;;;
243;9243;Tag 243;;26;;;;;;;;;;;
244;9244;Tag 244;;26;;;;;;;;;;;
245;9245;Tag 245;;26;;;;;;;;;;;
246;9246;Tag 246;;26;;;;;;;;;;;
247;9247;Tag 247;;26;;;;;;;;;;;
248;9248;Tag 248;;26;;;;;;;;;;;
249;9249;Tag 249;;26;;;;;;;;;;;
250;9250;Tag 250;;26;;;;;;;;;;;
251;9251;Tag 251;;26;;;;;;;;;;;
252;9252;Tag 252;;26;;;;;;;;;;;
253;9253;Tag 253;;26;;;;;;;;;;;
254;9254;Tag 254;;26;;;;;;;;;;;
255;9255;Tag 255;;26;;;;;;;;;;;
256;9256;Tag 256;;26;;;;;;;;;;;
257;9257;Tag 257;;26;;;;;;;;;;;
258;9258;Tag 258;;26;;;;;;;;;;;
259;9259;Tag 259;;26;;;;;;;;;;;
260;9260;Tag 260;;26;;;;;;;;;;;
261;9261;Tag 261;;26;;;;;;;;;;;
262;9262;Tag 262;;26;;;;;;;;;;;
263;9263;Tag 263;;26;;;;;;;;;;;
264;9264;Tag 264;;26;;;;;;;;;;;
265;9265;Tag 265;;26;;;;;;;;;;;
266;9266;Tag 266;;26;;;;;;;;;;;
267;9267;Tag 267;;26;;;;;;;;;;;
268;9268;Tag 268;;26;;;;;;;;;;;
269;9269;Tag 269;;26;;;;;;;;;;;
270;9270;Tag 270;;26;;;;;;;;;;;
271;9271;Tag 271;;26;;;;;;;;;;;
272;9272;Tag 272;;26;;;;;;;;;;;
273;9273;Tag 273;;26;;;;;;;;;;;
274;9274;Tag 274;;26;;;;;;;;;;;
275;9275;Tag 275;;26;;;;;;;;;;;
276;9276;Tag 276;;26;;;;;;;;;;;
277;9277;Tag 277;;26;;;;;;;;;;;
278;9278;Tag 278;;26;;;;;;;;;;;
279;9279;Tag 279;;26;;;;;;;;;;;
280;9280;Tag 280;;26;;;;;;;;;;;
281;9281;Tag 281;;26;;;;;;;;;;;
282;9282;Tag 282;;26;;;;;;;;;;;
283;9283;Tag 283;;26;;;;;;;;;;;
284;9284;Tag 284;;26;;;;;;;;;;;
285;9285;Tag 285;;26;;;;;;;;;;;
286;9286;Tag 286;;26;;;;;;;;;;;
287;9287;Tag 287;;26;;;;;;;;;;;
288;9288;Tag 288;;26;;;;;;;;;;;
289;9289;Tag 289;;26;;;;;;;;;;;
290;9290;Tag 290;;26;;;;;;;;;;;
291;9291;Tag 291;;26;;;;;;;;;;;
292;9292;Tag 292;;26;;;;;;;;;;;
293;9293;Tag 293;;26;;;;;;;;;;;
294;9294;Tag 294;;26;;;;;;;;;;;
295;9295;Tag 295;;26;;;;;;;;;;;
296;9296;Tag 296;;26;;;;;;;;;;;
297;9297;Tag 297;;26;;;;;;;;;;;
298;9298;Tag 298;;26;;;;;;;;;;;
299;9299;Tag 299;;26;;;;;;;;;;;
300;9300;Tag 300;;26;;;;;;;;;;;
301;9301;Tag 301;;26;;;;;;;;;;;
302;9302;Tag 302;;26;;;;;;;;;;;
303;9303;Tag 303;;26;;;;;;;;;;;
304;9304;Tag 304;;26;;;;;;;;;;;
305;9305;Tag 305;;26;;;;;;;;;;;
306;9306;Tag 306;;26;;;;;;;;;;;
307;9307;Tag 307;;26;;;;;;;;;;;
308;9308;Tag 308;;26;;;;;;;;;;;
309;9309;Tag 309;;26;;;;;;;;;;;
310;9310;Tag 310;;26;;;;;;;;;;;
311;9311;Tag 311;;26;;;;;;;;;;;
312;9312;Tag 312;;26;;;;;;;;;;;
313;9313;Tag 313;;26;;;;;;;;;;;
314;9314;Tag 314;;26;;;;;;;;;;;
315;9315;Tag 315;;26;;;;;;;;;;;
316;9316;Tag 316;;26;;;;;;;;;;;
317;9317;Tag 317;;26;;;;;;;;;;;
318;9318;Tag 318;;26;;;;;;;;;;;
319;9319;Tag 319;;26;;;;;;;;;;;
320;9320;Tag 320;;26;;;;;;;;;;;
321;9321;Tag 321;;26;;;;;;;;;;;
322;9322;Tag 322;;26;;;;;;;;;;;
323;9323;Tag 323;;26;;;;;;;;;;;
324;9324;Tag 324;;26;;;;;;;;;;;
325;9325;Tag 325;;26;;;;;;;;;;;
326;9326;Tag 326;;26;;;;;;;;;;;
327;9327;Tag 327;;26;;;;;;;;;;;
328;9328;Tag 328;;26;;;;;;;;;;;
329;9329;Tag 329;;26;;;;;;;;;;;
330;9330;Tag 330;;26;;;;;;;;;;;
331;9331;Tag 331;;26;;;;;;;;;;;
332;9332;Tag 332;;26;;;;;;;;;;;
333;9333;Tag 333;;26;;;;;;;;;;;
334;9334;Tag 334;;26;;;;;;;;;;;
335;9335;Tag 335;;26;;;;;;;;;;;
336;9336;Tag 336;;26;;;;;;;;;;;
337;9337;Tag 337;;26;;;;;;;;;;;
338;9338;Tag 338;;26;;;;;;;;;;;
339;9339;Tag 339;;26;;;;;;;;;;;
340;9340;Tag 340;;26;;;;;;;;;;;
341;9341;Tag 341;;26;;;;;;;;;;;
342;9342;Tag 342;;26;;;;;;;;;;;
343;9343;Tag 343;;26;;;;;;;;;;;
344;9344;Tag 344;;26;;;;;;;;;;;
345;9345;Tag 345;;26;;;;;;;;;;;
346;9346;Tag 346;;26;;;;;;;;;;;
347;9347;Tag 347;;26;;;;;;;;;;;
348;9348;Tag 348;;26;;;;;;;;;;;
349;9349;Tag 349;;26;;;;;;;;;;;
350;9350;Tag 350;;26;;;;;;;;;;;
351;9351;Tag 351;;26;;;;;;;;;;;
352;9352;Tag 352;;26;;;;;;;;;;;
353;9353;Tag 353;;26;;;;;;;;;;;
354;9354;Tag 354;;26;;;;;;;;;;;
355;9355;Tag 355;;26;;;;;;;;;;;
356;9356;Tag 356;;26;;;;;;;;;;;
357;9357;Tag 357;;26;;;;;;;;;;;
358;9358;Tag 358;;26;;;;;;;;;;;
359;9359;Tag 359;;26;;;;;;;;;;;
360;9360;Tag 360;;26;;;;;;;;;;;
361;9361;Tag 361;;26;;;;;;;;;;;
362;9362;Tag 362;;26;;;;;;;;;;;
363;9363;Tag 363;;26;;;;;;;;;;;
364;9364;Tag 364;;26;;;;;;;;;;;
365;9365;Tag 365;;26;;;;;;;;;;;
366;9366;Tag 366;;26;;;;;;;;;;;
367;9367;Tag 367;;26;;;;;;;;;;;
368;9368;Tag 368;;26;;;;;;;;;;;
369;9369;Tag 369;;26;;;;;;;;;;;
370;9370;Tag 370;;26;;;;;;;;;;;
371;9371;Tag 371;;26;;;;;;;;;;;
372;9372;Tag 372;;26;;;;;;;;;;;
373;9373;Tag 373;;26;;;;;;;;;;;
374;9374;Tag 374;;26;;;;;;;;;;;
375;9375;Tag 375;;26;;;;;;;;;;;
376;9376;Tag 376;;26;;;;;;;;;;;
377;9377;Tag 377;;26;;;;;;;;;;;
378;9378;Tag 378;;26;;;;;;;;;;;
379;9379;Tag 379;;26;;;;;;;;;;;
380;9380;Tag 380;;26;;;;;;;;;;;
381;9381;Tag 381;;26;;;;;;;;;;;
382;9382;Tag 382;;26;;;;;;;;;;;
383;9383;Tag 383;;26;;;;;;;;;;;
384;9384;Tag 384;;26;;;;;;;;;;;
385;9385;Tag 385;;26;;;;;;;;;;;
386;9386;Tag 386;;26;;;;;;;;;;;
387;9387;Tag 387;;26;;;;;;;;;;;
388;9388;Tag 388;;26;;;;;;;;;;;
389;9389;Tag 389;;26;;;;;;;;;;;
390;9390;Tag 390;;26;;;;;;;;;;;
391;9391;Tag 391;;26;;;;;;;;;;;
392;9392;Tag 392;;26;;;;;;;;;;;
393;9393;Tag 393;;26;;;;;;;;;;;
394;9394;Tag 394;;26;;;;;;;;;;;
395;9395;Tag 395;;26;;;;;;;;;;;
396;9396;Tag 396;;26;;;;;;;;;;;
397;9397;Tag 397;;26;;;;;;;;;;;
398;9398;Tag 398;;26;;;;;;;;;;;
399;9399;Tag 399;;26;;;;;;;;;;;
400;9400;Tag 400;;26;;;;;;;;;;;
401;9401;Tag 401;;26;;;;;;;;;;;
402;9402;Tag 402;;26;;;;;;;;;;;
403;9403;Tag 403;;26;;;;;;;;;;;
404;9404;Tag 404;;26;;;;;;;;;;;
405;9405;Tag 405;;26;;;;;;;;;;;
406;9406;Tag 406;;26;;;;;;;;;;;
407;9407;Tag 407;;26;;;;;;;;;;;
408;9408;Tag 408;;26;;;;;;;;;;;
409;9409;Tag 409;;26;;;;;;;;;;;
410;9410;Tag 410;;26;;;;;;;;;;;
411;9411;Tag 411;;26;;;;;;;;;;;
412;9412;Tag 412;;26;;;;;;;;;;;
413;9413;Tag 413;;26;;;;;;;;;;;
414;9414;Tag 414;;26;;;;;;;;;;;
415;9415;Tag 415;;26;;;;;;;;;;;
416;9416;Tag 416;;26;;;;;;;;;;;
417;9417;Tag 417;;26;;;;;;;;;;;
418;9418;Tag 418;;26;;;;;;;;;;;
419;9419;Tag 419;;26;;;;;;;;;;;
420;9420;Tag 420;;26;;;;;;;;;;;
421;9421;Tag 421;;26;;;;;;;;;;;
422;9422;Tag 422;;26;;;;;;;;;;;
423;9423;Tag 423;;26;;;;;;;;;;;
424;9424;Tag 424;;26;;;;;;;;;;;
425;9425;Tag 425;;26;;;;;;;;;;;
426;9426;Tag 426;;26;;;;;;;;;;;
427;9427;Tag 427;;26;;;;;;;;;;;
428;9428;Tag 428;;26;;;;;;;;;;;
429;9429;Tag 429;;26;;;;;;;;;;;
430;9430;Tag 430;;26;;;;;;;;;;;
431;9431;Tag 431;;26;;;;;;;;;;;
432;9432;Tag 432;;26;;;;;;;;;;;
433;9433;Tag 433;;26;;;;;;;;;;;
434;9434;Tag 434;;26;;;;;;;;;;;
435;9435;Tag 435;;26;;;;;;;;;;;
436;9436;Tag 436;;26;;;;;;;;;;;
437;9437;Tag 437;;26;;;;;;;;;;;
438;9438;Tag 438;;26;;;;;;;;;;;
439;9439;Tag 439;;26;;;;;;;;;;;
440;9440;Tag 440;;26;;;;;;;;;;;
441;9441;Tag 441;;26;;;;;;;;;;;
442;9442;Tag 442;;26;;;;;;;;;;;
443;9443;Tag 443;;26;;;;;;;;;;;
444;9444;Tag 444;;26;;;;;;;;;;;
445;9445;Tag 445;;26;;;;;;;;;;;
446;9446;Tag 446;;26;;;;;;;;;;;
447;9447;Tag 447;;26;;;;;;;;;;;
448;9448;Tag 448;;26;;;;;;;;;;;
449;9449;Tag 449;;26;;;;;;;;;;;
450;9450;Tag 450;;26;;;;;;;;;;;
451;9451;Tag 451;;26;;;;;;;;;;;
452;9452;Tag 452;;26;;;;;;;;;;;
453;9453;Tag 453;;26;;;;;;;;;;;
454;9454;Tag 454;;26;;;;;;;;;;;
455;9455;Tag 455;;26;;;;;;;;;;;
456;9456;Tag 456;;26;;;;;;;;;;;
457;9457;Tag 457;;26;;;;;;;;;;;
458;9458;Tag 458;;26;;;;;;;;;;;
459;9459;Tag 459;;26;;;;;;;;;;;
460;9460;Tag 460;;26;;;;;;;;;;;
461;9461;Tag 461;;26;;;;;;;;;;;
462;9462;Tag 462;;26;;;;;;;;;;;
463;9463;Tag 463;;26;;;;;;;;;;;
464;9464;Tag 464;;26;;;;;;;;;;;
465;9465;Tag 465;;26;;;;;;;;;;;
466;9466;Tag 466;;26;;;;;;;;;;;
467;9467;Tag 467;;26;;;;;;;;;;;
468;9468;Tag 468;;26;;;;;;;;;;;
469;9469;Tag 469;;26;;;;;;;;;;;
470;9470;Tag 470;;26;;;;;;;;;;;
471;9471;Tag 471;;26;;;;;;;;;;;
472;9472;Tag 472;;26;;;;;;;;;;;
473;9473;Tag 473;;26;;;;;;;;;;;
474;9474;Tag 474;;26;;;;;;;;;;;
475;9475;Tag 475;;26;;;;;;;;;;;
476;9476;Tag 476;;26;;;;;;;;;;;
477;9477;Tag 477;;26;;;;;;;;;;;
478;9478;Tag 478;;26;;;;;;;;;;;
479;9479;Tag 479;;26;;;;;;;;;;;
480;9480;Tag 480;;26;;;;;;;;;;;
481;9481;Tag 481;;26;;;;;;;;;;;
482;9482;Tag 482;;26;;;;;;;;;;;
483;9483;Tag 483;;26;;;;;;;;;;;
484;9484;Tag 484;;26;;;;;;;;;;;
485;9485;Tag 485;;26;;;;;;;;;;;
486;9486;Tag 486;;26;;;;;;;;;;;
487;9487;Tag 487;;26;;;;;;;;;;;
488;9488;Tag 488;;26;;;;;;;;;;;
489;9489;Tag 489;;26;;;;;;;;;;;
490;9490;Tag 490;;26;;;;;;;;;;;
491;9491;Tag 491;;26;;;;;;;;;;;
492;9492;Tag 492;;26;;;;;;;;;;;
493;9493;Tag 493;;26;;;;;;;;;;;
494;9494;Tag 494;;26;;;;;;;;;;;
495;9495;Tag 495;;26;;;;;;;;;;;
496;9496;Tag 496;;26;;;;;;;;;;;
497;9497;Tag 497;;26;;;;;;;;;;;
498;9498;Tag 498;;26;;;;;;;;;;;
499;9499;Tag 499;;26;;;;;;;;;;;
500;9500;Tag 500;;26;;;;;;;;;;;
501;9501;Tag 501;;26;;;;;;;;;;;
502;9502;Tag 502;;26;;;;;;;;;;;
503;9503;Tag 503;;26;;;;;;;;;;;
504;9504;Tag 504;;26;;;;;;;;;;;
505;9505;Tag 505;;26;;;;;;;;;;;
506;9506;Tag 506;;26;;;;;;;;;;;
507;9507;Tag 507;;26;;;;;;;;;;;
508;9508;Tag 508;;26;;;;;;;;;;;
509;9509;Tag 509;;26;;;;;;;;;;;
510;9510;Tag 510;;26;;;;;;;;;;;
511;9511;Tag 511;;26;;;;;;;;;;;
512;9512;Tag 512;;26;;;;;;;;;;;
513;9513;Tag 513;;26;;;;;;;;;;;
514;9514;Tag 514;;26;;;;;;;;;;;
515;9515;Tag 515;;26;;;;;;;;;;;
516;9516;Tag 516;;26;;;;;;;;;;;
517;9517;Tag 517;;26;;;;;;;;;;;
518;9518;Tag 518;;26;;;;;;;;;;;
519;9519;Tag 519;;26;;;;;;;;;;;
520;9520;Tag 520;;26;;;;;;;;;;;
